"GSE","Line","Agent","est","null_p","src","q"
"GSE122428","GSE122428","BAY1436032",-0.410690154869223,0.000499750124937531,"array",0.0141040590815703
"GSE122428","GSE122428","BAY1436032 +azacitidine",-0.292686385377216,0.00749625187406297,"array",0.0732326144619998
"GSE83485","sorted human CD45+ cells from bone marrow of PDX mouse","BAY1436032",-0.240179762095269,0.000499750124937531,"array",0.0141040590815703
"GSE122428","GSE122428","azacitidine",-0.108106630394196,0.0629685157421289,"array",0.261566186603668
"GSE125437","EOL-1","BAY-1251152",-0.0877339399209159,0.000499750124937531,"counts",0.0141040590815703
"GSE54873","cd34+ normal progenitors","SAHA",-0.0806834388727251,0.00449775112443778,"array",0.0601278308214314
"GSE125437","EOL-1","OTX015",-0.0769153948653669,0.000499750124937531,"counts",0.0141040590815703
"GSE182680","human T cell leukemia cells","USP7i",-0.0609840603726853,0.000999500249875062,"counts",0.0211560886223555
"GSE125437","MV4-11","BAY-1251152",-0.0580244639425746,0.000999500249875062,"counts",0.0211560886223555
"GSE125437","RS411","BAY-1251152",-0.0548618600137139,0.0104947526236882,"counts",0.0888555722138931
"GSE125437","MV4-11","OTX015",-0.0516285220379687,0.0064967516241879,"counts",0.0732326144619998
"GSE125437","SEM","BAY-1251152",-0.0509934447888612,0.00249875062468766,"counts",0.0453344756193332
"GSE125437","MOLM-13","BAY-1251152",-0.0495986038887101,0.000499750124937531,"counts",0.0141040590815703
"GSE125437","Jurkat","BAY-1251152",-0.048949952289807,0.00249875062468766,"counts",0.0453344756193332
"GSE125437","MV4-11","BAY-155",-0.0481067193266746,0.000999500249875062,"counts",0.0211560886223555
"GSE182680","human T cell leukemia cells","Dex and USP7i",-0.0476370868174948,0.00399800099950025,"counts",0.0601278308214314
"GSE226461","patient-derived xenograft (PDX) AML cells","gilteritinib",-0.0440686787267209,0.0499750124937531,"array",0.239502890064402
"GSE241649","CD34+ primary AML cells","FLT3i + IL3",-0.0439080223701521,0.0419790104947526,"counts",0.217605482972799
"GSE241427","KG-1","I-BRD9",-0.0426723918898319,0.00749625187406297,"counts",0.0732326144619998
"GSE34672","TEX","all-trans-retinoic acid and tranylcypromine",-0.0419645863361745,0.024487756121939,"array",0.141040590815703
"GSE34726","TEX","all-trans-retinoic acid and tranylcypromine",-0.0419645863361745,0.0204897551224388,"array",0.133446097464088
"GSE34672","HL-60","tranycypromine",-0.0412254618227765,0.0064967516241879,"array",0.0732326144619998
"GSE34726","HL-60","tranycypromine",-0.0412254618227765,0.00699650174912544,"array",0.0732326144619998
"GSE241649","CD34+ primary AML cells","IL3",-0.0412172662906313,0.0514742628685657,"counts",0.242119680900291
"GSE125437","HL-60","BAY-1251152",-0.040449209817572,0.00449775112443778,"counts",0.0601278308214314
"GSE134742","GSE134742","GSK3510477",-0.0397410252307036,0.0079960019990005,"array",0.0752216484350417
"GSE125437","HL-60","OTX015",-0.0386389044158748,0.0164917541229385,"counts",0.11968301563504
"GSE125437","Jurkat","OTX015",-0.0365624758861204,0.0204897551224388,"counts",0.133446097464088
"GSE46819","GSE46819","BV6",-0.0360999982219377,0.0649675162418791,"array",0.261566186603668
"GSE125437","MV4-11","Brequinar",-0.0357135967462966,0.0154922538730635,"counts",0.115736249522298
"GSE125437","Jurkat","Brequinar",-0.0325753341125058,0.055472263868066,"counts",0.247192193376996
"GSE244855","MOLM13-RES","Metformin",-0.0310327986404006,0.0429785107446277,"counts",0.218330834582709
"GSE225356","MOLM-13","MI-503 + PR-957",-0.0305213491350998,0.0699650174912544,"counts",0.265240514071323
"GSE34672","TEX","tranycypromine",-0.0304511733306095,0.0624687656171914,"array",0.261566186603668
"GSE34726","TEX","tranycypromine",-0.0304511733306095,0.0664667666166917,"array",0.261566186603668
"GSE217540","697","MZ1",-0.0302656243824495,0.378310844577711,"counts",0.598415078175198
"GSE125437","HL-60","Brequinar",-0.0290218187087947,0.0534732633683158,"counts",0.242539444563433
"GSE125437","KOPN-8","BAY-1251152",-0.0286948893945354,0.0764617691154423,"counts",0.281467961671338
"GSE34672","HL-60","all-trans-retinoic acid and tranylcypromine",-0.0282361642322373,0.132433783108446,"array",0.354086114837318
"GSE34726","HL-60","all-trans-retinoic acid and tranylcypromine",-0.0282361642322373,0.134432783608196,"array",0.355686739963352
"GSE226461","MV4-11","QUIZ",-0.0276294199688244,0.0499750124937531,"array",0.239502890064402
"GSE226420","MV4-11","QUIZ",-0.0276278816966117,0.0364817591204398,"array",0.193049308678994
"GSE230646","Kasumi-1","endogenous m6A",-0.0269654341062949,0.177411294352824,"counts",0.402152905847961
"GSE34672","TEX","all-trans-retinoic acid",-0.0268874866172593,0.0924537731134433,"array",0.289916770010057
"GSE34726","TEX","all-trans-retinoic acid",-0.0268874866172593,0.0859570214892554,"array",0.287277413924617
"GSE271106","U937","Luteoloside",-0.0258437270035928,0.16791604197901,"counts",0.399790758826194
"GSE135030","MEC1","Ibru_5uM",-0.0250673777085181,0.0854572713643178,"counts",0.287277413924617
"GSE135030","JVM2","Idel_10uM",-0.0240967058323124,0.0999500249875062,"counts",0.298674192315607
"GSE125437","OCI-AML2","BAY-155",-0.024059692007335,0.0239880059970015,"counts",0.141040590815703
"GSE134742","GSE134742","DAC",-0.0236564516989385,0.127936031984008,"array",0.345699490680192
"GSE125437","MV4-11","EPZ-5676",-0.0232743637229383,0.0679660169915042,"counts",0.261566186603668
"GSE125437","SEM","OTX015",-0.0229540608243794,0.118440779610195,"counts",0.338022000235837
"GSE135030","JVM2","Ibru_5uM",-0.0229317113749758,0.0779610194902549,"counts",0.282887127864639
"GSE220170","AML1","AR42-05",-0.0219777427714823,0.164917541229385,"counts",0.399790758826194
"GSE125437","MOLM-13","Brequinar",-0.0208146303730428,0.219390304847576,"counts",0.445269552723638
"GSE125437","OCI-AML5","OTX015",-0.0199369635740048,0.170414792603698,"counts",0.400790345567957
"GSE149548","THP-1","Denatonium-",-0.0188222987939946,0.0354822588705647,"array",0.191755186236669
"GSE135030","EHEB","Ibru_5uM",-0.0183107862677454,0.144427786106947,"counts",0.37055209768853
"GSE125437","OCI-AML3","BAY-1251152",-0.0180677654126508,0.123938030984508,"counts",0.343556482628251
"GSE125437","MOLM-14","Brequinar",-0.0178698355519671,0.0974512743628186,"counts",0.298674192315607
"GSE34672","HL-60","all-trans-retinoic acid",-0.0178146504598366,0.226886556721639,"array",0.446230730788452
"GSE34726","HL-60","all-trans-retinoic acid",-0.0178146504598366,0.239380309845077,"array",0.460625747732195
"GSE125437","KOPN-8","Brequinar",-0.0177871817987339,0.205397301349325,"counts",0.431164582997757
"GSE182680","human T cell leukemia cells","Dex",-0.0169049078763538,0.0924537731134433,"counts",0.289916770010057
"GSE125437","MOLM-14","BAY-1251152",-0.0165985047669415,0.213393303348326,"counts",0.437112089116732
"GSE158103","OCI-AML3 cells","RG7112",-0.0164702805808516,0.124437781109445,"array",0.343556482628251
"GSE97331","KG-1a","SY-1425",-0.0160489562790551,0.0249875062468766,"array",0.141040590815703
"GSE135030","MEC1","Idel_10uM",-0.016019379560464,0.287856071964018,"counts",0.508609640757852
"GSE245284","RS4;11","VEN",-0.0157788053819356,0.105447276361819,"counts",0.311437304603512
"GSE125437","NOMO-1","OTX015",-0.0156343808873155,0.286356821589205,"counts",0.508609640757852
"GSE226460","patient-derived xenograft (PDX) AML cells","gilteritinib",-0.015251456231028,0.343328335832084,"array",0.569969917002283
"GSE131325","NB4","ATRA",-0.0146741779637252,0.203898050974513,"counts",0.431164582997757
"GSE46302","KG-1","R406",-0.0144619292431083,0.31384307846077,"array",0.535007663953258
"GSE125437","OCI-AML2","Brequinar",-0.01431697886887,0.15392303848076,"counts",0.38709358192191
"GSE115328","GSE115328","LEN",-0.014243892248364,0.140929535232384,"counts",0.365266346418627
"GSE97331","Sig-M5","SY-1425",-0.0142237239364989,0.244377811094453,"array",0.46322361207456
"GSE125437","OCI-AML2","BAY-1251152",-0.0138761065722124,0.302848575712144,"counts",0.519753636695166
"GSE125437","RS411","OTX015",-0.0137555763836741,0.378310844577711,"counts",0.598415078175198
"GSE125437","NOMO-1","Brequinar",-0.0137525572475265,0.294352823588206,"counts",0.508609640757852
"GSE144638","GSE144638","Pinometostat",-0.0136510671214092,0.0589705147426287,"array",0.258250185252202
"GSE225356","MOLM-13","MI-503",-0.0134982440390489,0.290354822588706,"counts",0.508609640757852
"GSE123207","HNT-34","AZA",-0.0131234330826266,0.185907046476762,"array",0.405551461557357
"GSE233849","Macrophage","MI-463",-0.0130476249077036,0.168415792103948,"array",0.399790758826194
"GSE294579","Macrophage","MI-463",-0.0130476249077036,0.163418290854573,"array",0.399790758826194
"GSE125437","ML2","BAY-1251152",-0.0129518588154698,0.293853073463268,"counts",0.508609640757852
"GSE217572","MOLM-13","AZA",-0.0128972791074524,0.27936031984008,"counts",0.503244831484967
"GSE230646","Kasumi-1","RB98#",-0.0121713925165574,0.465767116441779,"counts",0.683843049573479
"GSE149548","OCI-AML3","Denatonium-",-0.0119800639921241,0.109445277361319,"array",0.3195298902273
"GSE125437","NOMO-1","BAY-155",-0.0118594412543546,0.274862568715642,"counts",0.498679231812665
"GSE115328","GSE115328","CC122",-0.0116801163300604,0.199900049975012,"counts",0.426677417593724
"GSE97331","Kasumi-1","SY-1425",-0.0115679235405029,0.127936031984008,"array",0.345699490680192
"GSE97331","MV-4-11","SY-1425",-0.0115452895769614,0.160419790104948,"array",0.399476732222124
"GSE158103","OCI-AML3 cells","HDM201",-0.0112088768561818,0.316341829085457,"array",0.535672163918041
"GSE54871","AML blasts","SAHA",-0.0111842403297933,0.709145427286357,"array",0.853663215785472
"GSE54873","blasts of AML patient","SAHA",-0.010979899975279,0.540729635182409,"array",0.742407174790983
"GSE125437","OCI-AML5","BAY-1251152",-0.0109456624502274,0.422788605697151,"counts",0.639216106232598
"GSE240439","HL-60","Simvastatin",-0.0106063429148952,0.508745627186407,"counts",0.725962861265996
"GSE97331","OCI-AML3","SY-1425",-0.00970997035934858,0.243878060969515,"array",0.46322361207456
"GSE230646","Kasumi-1","RBPMS knockdown",-0.00968660425759357,0.567716141929036,"counts",0.762962434126852
"GSE215385","NALM-6","Idelalisib",-0.00884755887550748,0.490254872563718,"counts",0.715659411673474
"GSE244855","MOLM13-RES","Gilteritinib+Metformin",-0.00833163948032589,0.748125937031484,"counts",0.874581058094806
"GSE29828","MV4-11","EPZ004777",-0.00805121412018517,0.247376311844078,"array",0.465433949691821
"GSE232007","MOLM13","CC-92840",-0.00784936188793087,0.593703148425787,"counts",0.782007959750695
"GSE65012","K562","CA",-0.00775901922085315,0.0449775112443778,"array",0.224005644236705
"GSE125437","MOLM-14","BAY-155",-0.00774529971474258,0.457271364317841,"counts",0.675272828701928
"GSE134742","GSE134742","GSK3484862",-0.0077005654238011,0.228385807096452,"array",0.446230730788452
"GSE121291","AML cell line  THP-1","JQ1",-0.00742224778064277,0.355822088955522,"array",0.579351349966043
"GSE230646","Kasumi-1","scramble shRNA control",-0.00693597517940728,0.67816091954023,"counts",0.836178997879701
"GSE155640","NfsB-positive THP1 cells","LSD1 OG86",-0.00687265840785407,0.348825587206397,"array",0.574080701584691
"GSE232007","MOLM13","CC-220",-0.00653286168937367,0.655172413793103,"counts",0.823524198491887
"GSE217572","OCI-AML-3","AZA",-0.00642229072916613,0.615692153923038,"counts",0.801772583096207
"GSE217572","THP-1","AZA",-0.00626529564949543,0.636181909045477,"counts",0.817394333136462
"GSE46302","MOLM-14","R406",-0.00612750854667399,0.769615192403798,"array",0.877322400746529
"GSE135030","EHEB","Idel_10uM",-0.00603082247855868,0.658170914542729,"counts",0.823524198491887
"GSE125437","KOPN-8","EPZ-5676",-0.00601043350717284,0.618690654672664,"counts",0.801772583096207
"GSE125437","KOPN-8","BAY-155",-0.00585704570705503,0.5912043978011,"counts",0.782007959750695
"GSE155640","NfsB-positive THP1 cells","NTR LSD1",-0.00580919955150819,0.405297351324338,"array",0.630812642459258
"GSE215385","NALM-6","Dexamethasone",-0.00543021043300534,0.67416291854073,"counts",0.836178997879701
"GSE215385","NALM-6","Dexamethasone, Idelalisib",-0.0054273873446596,0.694152923538231,"counts",0.842012327169748
"GSE125437","MOLM-13","OTX015",-0.00532269781850553,0.696151924037981,"counts",0.842012327169748
"GSE62533","GSE62533","BV6",-0.00506481036965917,0.0634682658670665,"array",0.261566186603668
"GSE267885","KG1a","venetoclax",-0.00491570258199664,0.775112443778111,"counts",0.877322400746529
"GSE125437","RS411","BAY-155",-0.00480285746728826,0.637181409295352,"counts",0.817394333136462
"GSE148010","TF1 erythroleukemia cell line","5-Aza daily x",-0.00437324111513604,0.528735632183908,"counts",0.735954427158006
"GSE226461","MOLM-14","QUIZ",-0.00410257199113956,0.773113443278361,"array",0.877322400746529
"GSE226418","MOLM-14","QUIZ",-0.00410205923373531,0.7976011994003,"array",0.884140538426439
"GSE148010","TF1 erythroleukemia cell line","pre-",-0.00403376474156236,0.653173413293353,"counts",0.823524198491887
"GSE123207","KG1a","AZA",-0.00398997172880994,0.501249375312344,"array",0.723393984825769
"GSE125437","EOL-1","BAY-155",-0.00393879638569411,0.714142928535732,"counts",0.85399084495311
"GSE125437","NOMO-1","BAY-1251152",-0.00301329392302005,0.800599700149925,"counts",0.884140538426439
"GSE55154","AML blasts","SAHA",-0.0028365213451144,0.930034982508746,"array",0.960280022590331
"GSE230791","Acute Lymphoblastic Leukemia cell line SEM","pinometostat",-0.00278674108327545,0.835082458770615,"counts",0.896589679843622
"GSE125437","OCI-AML5","Brequinar",-0.00255567914408975,0.779110444777611,"counts",0.877322400746529
"GSE155640","THP1 wild-type cells","LSD1 OG86",-0.00251046025104604,0.716141929035482,"array",0.85399084495311
"GSE29828","MOLM-13","EPZ004777",-0.00237638022083536,0.836581709145427,"array",0.896589679843622
"GSE155640","THP1 wild-type cells","NTR LSD1",-0.00234637788169662,0.613693153423288,"array",0.801772583096207
"GSE179333","REH","S3I-201",-0.00206344232336408,0.887056471764118,"counts",0.931042743091264
"GSE230588","T-ALL","ACBI-1",-0.00164480184742902,0.88255872063968,"counts",0.930165622582899
"GSE29799","MLL-AF9/NrasG12D human cell line","JQ1",-0.000564268088739217,0.975512243878061,"array",0.987171752769034
"GSE125437","SEM","Brequinar",-0.000504862299160774,0.970514742628686,"counts",0.986042978510745
"GSE42259","THP1","Dll4-Fc",-0.00017825074234103,0.987506246876562,"array",0.987506246876562
"GSE65019","MV-4-11","CA",0.000205810707490983,0.958520739630185,"array",0.978277929308438
"GSE230589","T-ALL","ACBI-1",0.000377470437559854,0.981009495252374,"counts",0.987506246876562
"GSE231959","T-ALL","Doxycycline",0.000402525346628213,0.984007996001999,"counts",0.987506246876562
"GSE220170","MOLM1","AR42-08",0.000904235197136283,0.95352323838081,"counts",0.978277929308438
"GSE55154","K562","SAHA",0.000915622876007438,0.959020489755122,"array",0.978277929308438
"GSE125437","RS411","EPZ-5676",0.00107551824060115,0.930034982508746,"counts",0.960280022590331
"GSE190087","MEC 1 ACC497 (DMSZ)","H3B-8800",0.0012579211153834,0.91904047976012,"counts",0.956706073192912
"GSE125437","MOLM-14","EPZ-5676",0.00143067843831768,0.907046476761619,"counts",0.948106193816672
"GSE97331","OCI-M1","SY-1425",0.00149334955106025,0.760119940029985,"array",0.874770759416672
"GSE226459","patient-derived xenograft (PDX) AML cells","quizartinib",0.00162031339732549,0.817091454272864,"array",0.886928330706442
"GSE125437","OCI-AML2","EPZ-5676",0.00190589830984841,0.863068465767116,"counts",0.913414126270198
"GSE97331","NOMO-1","SY-1425",0.00217974909759374,0.76111944027986,"array",0.874770759416672
"GSE125437","Jurkat","BAY-155",0.00221428934397072,0.841579210394803,"counts",0.898155964034789
"GSE231960","RPMI-8402","Doxycycline",0.0022947003103515,0.860069965017491,"counts",0.913414126270198
"GSE260759","MOLM14","AZ2-",0.00292383731106483,0.832583708145927,"counts",0.896589679843622
"GSE125437","ML2","Brequinar",0.00310586769502363,0.816091954022989,"counts",0.886928330706442
"GSE125437","ML2","OTX015",0.00323361244266776,0.810094952523738,"counts",0.886914301469955
"GSE125437","NOMO-1","EPZ-5676",0.0032624314695304,0.745127436281859,"counts",0.874581058094806
"GSE125437","MOLM-14","OTX015",0.00389076467425642,0.780609695152424,"counts",0.877322400746529
"GSE219230","HL-60","Panobinostat",0.00401254956872618,0.806096951524238,"counts",0.886357686957387
"GSE65014","MOLM-14","CA",0.00432291388844438,0.338830584707646,"array",0.566203740235146
"GSE125437","OCI-AML3","OTX015",0.00461763150416029,0.750124937531234,"counts",0.874581058094806
"GSE267885","KG1a","TAK-981 + venetoclax",0.00478866360643887,0.79960019990005,"counts",0.884140538426439
"GSE135030","JVM2","Flud_50uM",0.0052589430733645,0.750624687656172,"counts",0.874581058094806
"GSE34672","HL-60","scrambled control shRNA",0.00528641902448806,0.75512243878061,"array",0.874770759416672
"GSE34726","HL-60","scrambled control shRNA",0.00528641902448806,0.735632183908046,"array",0.873133526694597
"GSE125437","EOL-1","Brequinar",0.0053310494548616,0.693653173413293,"counts",0.842012327169748
"GSE220170","AML1","ENTI-2",0.00533475475831541,0.682658670664668,"counts",0.837658465453264
"GSE125437","RS411","Brequinar",0.00551200157591067,0.559220389805097,"counts",0.759582775457191
"GSE241427","U937","I-BRD9",0.00596765587682302,0.676661669165417,"counts",0.836178997879701
"GSE65015","MOLM-14","CA",0.00617032058462687,0.0729635182408796,"array",0.272540200487991
"GSE225384","MV4-11","decitabine",0.00617280029661248,0.655172413793103,"counts",0.823524198491887
"GSE46302","U937","R406",0.00619796967561786,0.383308345827086,"array",0.600989628642469
"GSE119744","CLL cell line","JQ1",0.00653856668040571,0.575712143928036,"counts",0.769636234514322
"GSE234800","Jurkat","veh",0.00676103192348299,0.562218890554723,"counts",0.759593607451593
"GSE125437","MOLM-13","BAY-155",0.00691962479273828,0.548725637181409,"counts",0.749335009914398
"GSE121291","AML cell line  THP-1","SY-1365",0.00730424620179196,0.269365317341329,"array",0.49222151514171
"GSE241649","MOLM14","FLT3i",0.00760540000338766,0.655172413793103,"counts",0.823524198491887
"GSE155559","Human primary leukopheresis sample","Tamibarotene",0.00801792378790703,0.530234882558721,"counts",0.735954427158006
"GSE244855","MOLM13-RES","Gilteritinib",0.00815225574169126,0.796601699150425,"counts",0.884140538426439
"GSE125437","SEM","BAY-155",0.00820859987992459,0.418290854572714,"counts",0.636202856655505
"GSE234800","Jurkat","aps",0.00825471032290484,0.506746626686657,"counts",0.725962861265996
"GSE131325","NB4","No",0.00874103434192867,0.379310344827586,"counts",0.598415078175198
"GSE125437","OCI-AML2","OTX015",0.00891727347382276,0.520739630184908,"counts",0.730761690977716
"GSE125437","HL-60","BAY-155",0.00908705087016998,0.412793603198401,"counts",0.633917980768652
"GSE230590","T-ALL","ACBI-1",0.00914645335411121,0.500249875062469,"counts",0.723393984825769
"GSE87580","CMK11-5","T-3775440",0.00988969288669866,0.444277861069465,"array",0.659921501237685
"GSE43258","GSE43258","ATRA",0.00999326558916089,0.122438780609695,"array",0.343556482628251
"GSE239859","HL-60","10 μg/ml Staphylococcus aureus lipoteichoic acids",0.0100903647053731,0.512743628185907,"counts",0.727580343906259
"GSE125437","OCI-AML3","EPZ-5676",0.0103355616910676,0.350324837581209,"counts",0.574080701584691
"GSE121175","Kasumi-1","HHT",0.010727938692413,0.534232883558221,"array",0.737473654477109
"GSE260759","MOLM14","ARM165-",0.0107617304025912,0.594202898550725,"counts",0.782007959750695
"GSE125437","KOPN-8","OTX015",0.0107871774072631,0.414292853573213,"counts",0.633917980768652
"GSE125437","OCI-AML5","BAY-155",0.011532472730535,0.223388305847076,"counts",0.445269552723638
"GSE121291","AML cell line  THP-1","FLAVO",0.0115790981587631,0.442278860569715,"array",0.659921501237685
"GSE149548","primary AML cells","Denatonium-",0.011667794732956,0.180909545227386,"array",0.403079162173299
"GSE125437","ML2","BAY-155",0.0120425891107836,0.255372313843078,"counts",0.47279258921264
"GSE217572","THP-1","AZA+Spautin-1",0.0125035367023442,0.231884057971014,"counts",0.449607257439982
"GSE125437","ML2","EPZ-5676",0.0130113789280922,0.224387806096952,"counts",0.445269552723638
"GSE89637","AML cell line","Pevonedistat",0.0130485032471808,0.443778110944528,"array",0.659921501237685
"GSE225315","MOLM-13","PR-957",0.0136168137495695,0.32783608195902,"counts",0.551459369652922
"GSE239859","HL-60","1 μg/ml Staphylococcus aureus lipoteichoic acids",0.0143051767912025,0.188405797101449,"counts",0.405551461557357
"GSE241427","ML-1","I-BRD9",0.0152489116994428,0.373813093453273,"counts",0.598415078175198
"GSE231962","RPMI-8402","Doxycycline",0.0152594982807391,0.255872063968016,"counts",0.47279258921264
"GSE228528","Jurkat","NKG2D CAR T cells",0.0156682579474642,0.407296351824088,"counts",0.630812642459258
"GSE219230","ML-2","Vorinostat",0.0167500889272829,0.362818590704648,"counts",0.586980395152742
"GSE123207","AML-193","AZA",0.0173074358564037,0.0919540229885057,"array",0.289916770010057
"GSE217572","SKM-1","AZA",0.0173391733620912,0.187406296851574,"counts",0.405551461557357
"GSE240439","HL-60","Decitabine+Simvastatin",0.0177038222734142,0.52023988005997,"counts",0.730761690977716
"GSE267885","KG1a","TAK-981",0.0178235682707455,0.294352823588206,"counts",0.508609640757852
"GSE241649","CD34+ primary AML cells","FLT3i",0.0182812614687964,0.166416791604198,"counts",0.399790758826194
"GSE217572","THP-1","Spautin-1",0.0183854412706658,0.145927036481759,"counts",0.370654672663668
"GSE125437","OCI-AML3","BAY-155",0.0186782582674142,0.0909545227386307,"counts",0.289916770010057
"GSE135030","EHEB","Flud_50uM",0.0196943348145137,0.256871564217891,"counts",0.47279258921264
"GSE220170","MOLM1","ENTI-4",0.0199016788906392,0.209395302348826,"counts",0.432409811354485
"GSE125437","OCI-AML3","Brequinar",0.0201568507884886,0.174912543728136,"counts",0.401393897645772
"GSE89637","AML cell line","T-3775440",0.0204664226949174,0.140429785107446,"array",0.365266346418627
"GSE87580","HEL92.1.7","T-3775440",0.0216253462619878,0.0824587706146927,"array",0.287277413924617
"GSE121291","AML cell line  THP-1","NVP2",0.0217462996972152,0.0999500249875062,"array",0.298674192315607
"GSE34672","HL-60","LSD1 shRNA #1",0.0219160112433937,0.175412293853073,"array",0.401393897645772
"GSE34726","HL-60","LSD1 shRNA #1",0.0219160112433937,0.172913543228386,"array",0.401393897645772
"GSE125437","EOL-1","EPZ-5676",0.022077139006988,0.0829585207396302,"counts",0.287277413924617
"GSE125437","MOLM-13","EPZ-5676",0.0224953089681989,0.063968015992004,"counts",0.261566186603668
"GSE34672","HL-60","LSD1 shRNA #2",0.0229268101220809,0.178910544727636,"array",0.402152905847961
"GSE34726","HL-60","LSD1 shRNA #2",0.0229268101220809,0.183908045977011,"array",0.405551461557357
"GSE89637","AML cell line","T-3775440+Pevonedistat",0.0230161700593988,0.207396301849075,"array",0.431792300571026
"GSE125437","OCI-AML5","EPZ-5676",0.0237512696055643,0.0269865067466267,"counts",0.149012450296591
"GSE241649","MOLM14","IL3",0.0238730937095946,0.0679660169915042,"counts",0.261566186603668
"GSE123207","HL60","AZA",0.0255107483864085,0.024487756121939,"array",0.141040590815703
"GSE241649","MOLM14","FLT3i + IL3",0.025963237743562,0.0854572713643178,"counts",0.287277413924617
"GSE219230","ML-2","CM-444",0.0278095375216671,0.222888555722139,"counts",0.445269552723638
"GSE55154","K562","MS27-275",0.0287416254005243,0.0984507746126937,"array",0.298674192315607
"GSE226461","patient-derived xenograft (PDX) AML cells","quizartinib",0.030477018213143,0.0249875062468766,"array",0.141040590815703
"GSE135030","MEC1","Flud_50uM",0.0309497527915638,0.0534732633683158,"counts",0.242539444563433
"GSE241649","MOLM14","RASi + IL3",0.0318536115769207,0.110944527736132,"counts",0.320226250511108
"GSE125437","SEM","EPZ-5676",0.0341732491676595,0.00699650174912544,"counts",0.0732326144619998
"GSE125437","HL-60","EPZ-5676",0.0347755080147478,0.0114942528735632,"counts",0.0941787170930664
"GSE125437","Jurkat","EPZ-5676",0.0348336636346698,0.0139930034982509,"counts",0.111069465267366
"GSE260759","OCI-AML2","ARM165-",0.0383982361344015,0.0844577711144428,"counts",0.287277413924617
"GSE55154","U937","SAHA",0.0396407418195941,0.0169915042478761,"array",0.119884502193348
"GSE46302","HL-60","R406",0.0415946832293814,0.000499750124937531,"array",0.0141040590815703
"GSE219230","HL-60","CM-444",0.0423290337697827,0.0174912543728136,"counts",0.120075097586342
"GSE55154","U937","MS27-275",0.0429789299932032,0.0154922538730635,"array",0.115736249522298
"GSE240439","HL-60","Decitabine",0.0459085921634831,0.0899550224887556,"counts",0.289916770010057
"GSE55154","NB4","SAHA",0.0505311195261676,0.0214892553723138,"array",0.136456771614193
"GSE182680","human T cell leukemia cells","dasatininb",0.0541668901611607,0.00549725137431284,"counts",0.0698150924537731
"GSE241649","MOLM14","RASi",0.0590918265946215,0.00449775112443778,"counts",0.0601278308214314
"GSE219230","HL-60","Vorinostat",0.0618945651785227,0.000499750124937531,"counts",0.0141040590815703
"GSE219230","ML-2","Panobinostat",0.064947617595745,0.00949525237381309,"counts",0.0831653138947768
"GSE219230","HL-60","CM-1758",0.0689704008597245,0.000499750124937531,"counts",0.0141040590815703
"GSE219230","ML-2","CM-1758",0.0739966744019287,0.00849575212393803,"counts",0.0770686085528664
"GSE55154","NB4","MS27-275",0.095813185746189,0.000499750124937531,"array",0.0141040590815703
"GSE34965","sorted CD45+CD33+CD19-CD3- AML blasts","CWP",0.246078705926282,0.00349825087456272,"array",0.0592370481425954
