"GSE","Line","Agent","nT","nC","est","p","q"
"GSE230646","Kasumi-1","scramble shRNA control",3,2,-2.47497752048679,0.00730442086728829,0.0241493098061368
"GSE125437","NOMO-1","BAY-155",3,6,-2.21146764445927,0.000191696335427309,0.0016344634915381
"GSE225356","MOLM-13","MI-503 + PR-957",3,3,-2.2060767864314,0.0125991156033923,0.0371101223227192
"GSE244855","MOLM13-RES","Gilteritinib",2,3,-2.02868686373958,0.168230055060861,0.25261769560707
"GSE230646","Kasumi-1","RBPMS knockdown",3,2,-1.89737813114006,0.0479547388857615,0.112280619543565
"GSE125437","Jurkat","OTX015",3,5,-1.86207277096992,0.00956024969944336,0.0303678519864671
"GSE225356","MOLM-13","MI-503",4,3,-1.83168023203957,6.31706190719485e-05,0.000682242685977044
"GSE271106","U937","Luteoloside",3,3,-1.76220476557709,0.003203530681494,0.0140262694703251
"GSE232007","MOLM13","CC-92840",3,3,-1.72455909015418,0.0941214399272689,0.177259645443487
"GSE232007","MOLM13","CC-220",3,3,-1.70545498603664,0.0973044363803272,0.177259645443487
"GSE217540","697","MZ1",2,2,-1.63844010969992,0.107926392066207,0.192132697964017
"GSE267885","KG1a","venetoclax",2,2,-1.62347351970331,0.337477131240259,0.420548425084015
"GSE230646","Kasumi-1","RB98#",2,2,-1.61299982985781,0.148597790640829,0.23600825572367
"GSE225315","MOLM-13","PR-957",4,4,-1.55695310726886,0.0115077310370094,0.0358510082306832
"GSE190087","MEC 1 ACC497 (DMSZ)","H3B-8800",6,6,-1.52127100721329,0.00240162063604466,0.0111160726582639
"GSE125437","MV4-11","BAY-155",3,6,-1.47772243605078,7.57826573227615e-09,4.09226349542912e-07
"GSE131325","NB4","ATRA",15,15,-1.43456346374546,3.79711610468904e-05,0.000473179083815095
"GSE179333","REH","S3I-201",3,3,-1.4260196498758,0.0906050653784123,0.172682595191797
"GSE125437","KOPN-8","BAY-1251152",2,9,-1.41431774341416,5.7301820114152e-07,1.32612783692752e-05
"GSE125437","Jurkat","BAY-1251152",2,5,-1.36124537830716,0.0270858956770075,0.0675063861488496
"GSE230646","Kasumi-1","endogenous m6A",2,2,-1.35479991238163,0.375001415928942,0.452872676143057
"GSE230589","T-ALL","ACBI-1",4,3,-1.33175022949823,0.0850022884414515,0.167475519171435
"GSE228528","Jurkat","NKG2D CAR T cells",3,2,-1.27507185781025,0.153773998482953,0.241858133536294
"GSE125437","MOLM-14","BAY-155",3,9,-1.19509520678279,8.55860600372228e-06,0.000126044924782092
"GSE125437","MV4-11","EPZ-5676",3,6,-1.11907520333127,0.00453714456914826,0.0168065513246599
"GSE125437","SEM","BAY-1251152",3,9,-1.11790424431204,1.96732473031497e-07,6.37413212622051e-06
"GSE267885","KG1a","TAK-981 + venetoclax",2,2,-1.0565994931705,0.110171082421663,0.193996906003364
"GSE125437","OCI-AML2","BAY-155",3,9,-1.00773493805681,1.19009941363595e-11,1.92796105009024e-09
"GSE125437","Jurkat","Brequinar",2,5,-0.986629019641027,0.0687163508662874,0.144043071316779
"GSE125437","MOLM-14","EPZ-5676",2,9,-0.909497110550675,0.000101107060878236,0.000963490815427896
"GSE241649","CD34+ primary AML cells","IL3",2,4,-0.844723204336657,0.329644999550467,0.414096140955025
"GSE241649","CD34+ primary AML cells","FLT3i + IL3",2,4,-0.844430060943418,0.329743223353075,0.414096140955025
"GSE230588","T-ALL","ACBI-1",4,4,-0.811275101652222,0.288277602000211,0.379682695317351
"GSE125437","HL-60","BAY-1251152",3,6,-0.79173831394028,0.000337182167827894,0.0023209765423552
"GSE125437","OCI-AML3","Brequinar",3,6,-0.763565176465242,4.13300919405148e-06,7.43941654929266e-05
"GSE125437","MOLM-13","Brequinar",3,6,-0.681347581141523,0.00420327376924243,0.0166080573321286
"GSE240439","HL-60","Simvastatin",3,3,-0.656816354945076,0.403577260299864,0.477222745756044
"GSE245284","RS4;11","VEN",5,5,-0.630795369128895,0.367734712723277,0.452872676143057
"GSE125437","NOMO-1","EPZ-5676",3,6,-0.604807387328286,6.10371026090178e-06,9.88801062266088e-05
"GSE239859","HL-60","10 μg/ml Staphylococcus aureus lipoteichoic acids",4,6,-0.596159351503888,0.28145249879117,0.373732006591553
"GSE220170","AML1","AR42-05",4,4,-0.590235287302779,0.0121209625233176,0.0369856145375324
"GSE241649","MOLM14","RASi + IL3",2,2,-0.56522309332753,0.225810045289245,0.323727675547414
"GSE125437","NOMO-1","Brequinar",3,6,-0.562724009380075,0.00494336227323041,0.0177961041836295
"GSE125437","EOL-1","BAY-1251152",3,6,-0.501212586906746,0.00184466256427972,0.00933860423166611
"GSE125437","OCI-AML2","EPZ-5676",3,9,-0.49217412541276,0.000728489511849857,0.00406949313516127
"GSE125437","Jurkat","BAY-155",3,5,-0.464674478648085,0.310272756109813,0.405356342659594
"GSE125437","ML2","Brequinar",3,6,-0.430413144349092,0.00456474233509281,0.0168065513246599
"GSE125437","MV4-11","Brequinar",3,6,-0.427422465469275,0.000139653606259172,0.00125688245633255
"GSE125437","ML2","OTX015",3,6,-0.41447530242437,0.000551629826524004,0.00330977895914402
"GSE125437","ML2","BAY-1251152",3,6,-0.402640308735656,0.000522270686552682,0.00325414812390517
"GSE241649","MOLM14","FLT3i + IL3",2,2,-0.402396235719214,0.244525109374463,0.335703963717483
"GSE125437","OCI-AML2","BAY-1251152",3,9,-0.400884412474747,0.0593066181023555,0.131237608086553
"GSE125437","MOLM-13","BAY-155",3,6,-0.38324642297528,0.0182178987795879,0.0490702352718992
"GSE241649","MOLM14","RASi",2,2,-0.376926133846615,0.242136717001469,0.335703963717483
"GSE125437","NOMO-1","BAY-1251152",3,6,-0.369299804160424,0.00145591146509581,0.00760831152727487
"GSE125437","MOLM-13","EPZ-5676",3,6,-0.36348292807923,0.00609993141792084,0.0210252955255995
"GSE125437","OCI-AML3","OTX015",3,6,-0.362170152210715,0.000343848376645216,0.0023209765423552
"GSE125437","RS411","BAY-1251152",3,9,-0.352772991304124,0.000324806492855493,0.0023209765423552
"GSE125437","RS411","EPZ-5676",2,9,-0.351480513684934,0.0590324579862565,0.131237608086553
"GSE125437","EOL-1","Brequinar",3,6,-0.337408586445481,0.00434262975329492,0.0167501433341376
"GSE125437","HL-60","BAY-155",3,6,-0.335340159456715,0.019494328602594,0.0509367940906488
"GSE241649","MOLM14","FLT3i",2,2,-0.296154840743903,0.215476353896609,0.31167115474331
"GSE217572","THP-1","AZA",3,9,-0.293935345273326,0.0477891344062038,0.112280619543565
"GSE217572","MOLM-13","AZA",3,3,-0.290516284487759,0.0381309498702497,0.092197222074335
"GSE125437","MOLM-13","BAY-1251152",3,6,-0.277411673656266,0.000287793389909287,0.00222012043644307
"GSE125437","HL-60","Brequinar",3,6,-0.26234045348797,0.0675420878282771,0.143971292476064
"GSE135030","EHEB","Ibru_5uM",3,3,-0.251238558377631,0.077947597394882,0.157843884724636
"GSE125437","MOLM-14","Brequinar",3,9,-0.229904945905323,0.119637170872085,0.206183209375295
"GSE217572","OCI-AML-3","AZA",3,3,-0.224379246992955,0.0157104246268581,0.0438808411991554
"GSE125437","MOLM-14","BAY-1251152",3,9,-0.221668045229341,0.1343674260348,0.222117581812629
"GSE125437","KOPN-8","Brequinar",3,9,-0.2194054393801,0.0693540713747452,0.144043071316779
"GSE125437","ML2","EPZ-5676",3,6,-0.208646814739084,0.0599480432000306,0.131237608086553
"GSE125437","HL-60","OTX015",3,6,-0.203963324136091,0.101824975629438,0.183284956132988
"GSE182680","human T cell leukemia cells","dasatininb",3,12,-0.20242176240087,0.541562740714302,0.613518629340678
"GSE125437","OCI-AML5","BAY-1251152",3,9,-0.196315830568613,0.0123285381791775,0.0369856145375324
"GSE131325","NB4","No",3,15,-0.187566664988518,0.377184932353449,0.452872676143057
"GSE125437","EOL-1","BAY-155",3,6,-0.167604395406817,0.00607469140290173,0.0210252955255995
"GSE241427","KG-1","I-BRD9",2,2,-0.163415100554995,0.682823505455584,0.742398710629561
"GSE125437","MV4-11","BAY-1251152",2,6,-0.152497677061682,0.120968420896475,0.206282991423462
"GSE135030","JVM2","Ibru_5uM",3,3,-0.152057470939443,0.0960095212580342,0.177259645443487
"GSE260759","MOLM14","AZ2-",4,2,-0.150774912749365,0.0806589579193555,0.161317915838711
"GSE219230","ML-2","CM-444",2,2,-0.131070402134558,0.94292461636189,0.954711174066414
"GSE125437","OCI-AML3","BAY-1251152",3,6,-0.106364732605728,0.123525437628193,0.208449175997575
"GSE135030","EHEB","Idel_10uM",3,3,-0.0899961746688667,0.371374215543874,0.452872676143057
"GSE125437","KOPN-8","OTX015",3,9,-0.0875699961572614,0.431601795337925,0.499424934605313
"GSE125437","OCI-AML3","BAY-155",3,6,-0.0601358552302105,0.249980626613293,0.337473845927945
"GSE125437","SEM","OTX015",3,9,-0.044289118146364,0.574809186593841,0.646660334918071
"GSE125437","EOL-1","EPZ-5676",3,6,-0.037393277073508,0.809115503867967,0.845656204042649
"GSE244855","MOLM13-RES","Metformin",3,3,-0.0321172441610554,0.963406663620814,0.96939055594144
"GSE241649","CD34+ primary AML cells","FLT3i",4,4,-0.0240806523934756,0.981943446378011,0.981943446378011
"GSE125437","SEM","Brequinar",3,9,-0.0182884075474409,0.851658521577713,0.878781404430507
"GSE125437","OCI-AML5","Brequinar",3,9,0.0203475713902383,0.644990167447762,0.71567402141464
"GSE260759","OCI-AML2","ARM165-",2,2,0.0252894955650316,0.848253699982123,0.878781404430507
"GSE125437","KOPN-8","BAY-155",3,9,0.0300035658036636,0.779619938866521,0.820119675950496
"GSE125437","OCI-AML3","EPZ-5676",3,6,0.0416605963821584,0.43086392526213,0.499424934605313
"GSE125437","RS411","BAY-155",3,9,0.0418094605314689,0.580875157080273,0.648977761703478
"GSE135030","MEC1","Idel_10uM",3,3,0.0447732553302693,0.658842390673773,0.721165319521292
"GSE125437","OCI-AML2","Brequinar",3,9,0.0856494707754231,0.169971165562782,0.25261769560707
"GSE241649","MOLM14","IL3",2,2,0.0862840596134315,0.166757003312137,0.25261769560707
"GSE135030","JVM2","Idel_10uM",3,3,0.0979672388413186,0.46191601360251,0.530712015628415
"GSE125437","OCI-AML5","EPZ-5676",3,9,0.103038526146849,0.0141932431419012,0.0408047649954032
"GSE230590","T-ALL","ACBI-1",4,3,0.104006685396943,0.91510757547845,0.932373756147854
"GSE125437","SEM","BAY-155",3,9,0.105894501534377,0.316446730190917,0.406860081674036
"GSE125437","OCI-AML5","BAY-155",3,9,0.106058527523307,0.00410860905629741,0.0166080573321286
"GSE241427","U937","I-BRD9",2,2,0.1108636296812,0.7737220089147,0.819235068262623
"GSE125437","KOPN-8","EPZ-5676",3,9,0.11102750995496,0.32189168715538,0.410601994639147
"GSE125437","OCI-AML5","OTX015",3,9,0.120992320150778,0.00228183736436477,0.0108722839125616
"GSE217572","THP-1","AZA+Spautin-1",3,9,0.122739260410698,0.377393896785881,0.452872676143057
"GSE125437","ML2","BAY-155",3,6,0.135795523847268,0.0899618067139868,0.172682595191797
"GSE125437","RS411","Brequinar",3,9,0.140220737108547,0.0858053585878341,0.167475519171435
"GSE244855","MOLM13-RES","Gilteritinib+Metformin",3,3,0.143119895550346,0.16119363921439,0.251090091853184
"GSE148010","TF1 erythroleukemia cell line","pre-",4,14,0.176064741218127,0.701755948938759,0.75789642485386
"GSE119744","CLL cell line","JQ1",12,12,0.186465322818643,0.65860633409596,0.721165319521292
"GSE135030","MEC1","Ibru_5uM",3,3,0.199284484339087,0.0973833854596936,0.177259645443487
"GSE125437","EOL-1","OTX015",3,6,0.206105669643853,0.0184770638986781,0.0490702352718992
"GSE220170","AML1","ENTI-2",4,4,0.22971755164395,0.196214164015242,0.286366617751975
"GSE239859","HL-60","1 μg/ml Staphylococcus aureus lipoteichoic acids",6,6,0.231030942014022,0.729224233542551,0.777199512065087
"GSE125437","SEM","EPZ-5676",3,9,0.232693308583064,0.0143572321280122,0.0408047649954032
"GSE219230","ML-2","Panobinostat",2,2,0.233282552556643,0.862458567548554,0.884292961663708
"GSE267885","KG1a","TAK-981",2,2,0.33736529240997,0.416184839711225,0.488564811834917
"GSE125437","NOMO-1","OTX015",3,6,0.41268009963263,0.000720089062724007,0.00406949313516127
"GSE217572","SKM-1","AZA",3,3,0.430818360484225,0.00669070164253262,0.0225811180435476
"GSE125437","MV4-11","OTX015",3,6,0.470423291957526,4.17503162221495e-07,1.12725853799804e-05
"GSE220170","MOLM1","AR42-08",6,5,0.478389194194782,0.000234791727677553,0.00190181299418818
"GSE234800","Jurkat","aps",7,2,0.48086153085714,0.384579507158677,0.458102059997836
"GSE217572","THP-1","Spautin-1",3,9,0.520802797505283,0.02108214443192,0.054211228539223
"GSE125437","MOLM-14","OTX015",3,9,0.524357795716915,0.00364918190481558,0.0155570386468454
"GSE241427","ML-1","I-BRD9",2,2,0.530302234157932,0.714525502272982,0.76657702892863
"GSE260759","MOLM14","ARM165-",3,2,0.546655496526942,0.00208008267892692,0.0102113149692776
"GSE125437","OCI-AML2","OTX015",3,9,0.556894508986095,5.72406600691679e-08,2.3182467328013e-06
"GSE182680","human T cell leukemia cells","Dex",9,12,0.579146554372975,0.242881698485794,0.335703963717483
"GSE125437","MOLM-13","OTX015",3,6,0.594519310341796,5.11585162063044e-09,4.09226349542912e-07
"GSE225384","MV4-11","decitabine",6,3,0.605402907450534,0.275883000174339,0.369364016762338
"GSE125437","HL-60","EPZ-5676",3,6,0.641865560431434,0.00374529606987382,0.0155573836748605
"GSE148010","TF1 erythroleukemia cell line","5-Aza daily x",8,14,0.644630023432506,0.146850543212813,0.235542455450255
"GSE215385","NALM-6","Idelalisib",3,3,0.650820046547562,0.00306098069936456,0.0137744131471405
"GSE219230","HL-60","Panobinostat",3,3,0.654404018531013,0.132799156994817,0.221788282816086
"GSE220170","MOLM1","ENTI-4",4,5,0.714303520215989,0.144777929570595,0.235542455450255
"GSE125437","RS411","OTX015",3,9,0.720834608556588,1.67853837827805e-06,3.39904021601306e-05
"GSE234800","Jurkat","veh",8,2,0.758905936983979,0.16924428763231,0.25261769560707
"GSE135030","EHEB","Flud_50uM",3,3,0.848279281544205,0.0229270720706802,0.0580341511789093
"GSE219230","ML-2","Vorinostat",3,2,0.86399915117957,0.481193039226404,0.548966706723081
"GSE240439","HL-60","Decitabine+Simvastatin",3,3,0.88181963920153,0.249467554775307,0.337473845927945
"GSE230791","Acute Lymphoblastic Leukemia cell line SEM","pinometostat",8,8,0.906433529207544,0.0703649577025129,0.144292698073507
"GSE219230","HL-60","Vorinostat",3,3,0.907955530340386,0.00802843738257515,0.0260121371195435
"GSE115328","GSE115328","LEN",6,6,0.933777776448982,0.117296970170704,0.204323754490904
"GSE182680","human T cell leukemia cells","Dex and USP7i",6,12,0.946135275500888,0.0485163170867255,0.112280619543565
"GSE219230","HL-60","CM-444",2,3,1.00832551212069,0.23919326447456,0.335703963717483
"GSE125437","Jurkat","EPZ-5676",3,5,1.0108988154824,0.0634928348276788,0.137144523227786
"GSE231962","RPMI-8402","Doxycycline",3,3,1.01173761261573,0.313451424022153,0.406233045532711
"GSE182680","human T cell leukemia cells","USP7i",6,12,1.04308278635787,0.0161842985607141,0.0444382435056895
"GSE155559","Human primary leukopheresis sample","Tamibarotene",4,4,1.06189813363938,0.167681107302919,0.25261769560707
"GSE135030","JVM2","Flud_50uM",3,3,1.07378476501587,5.018384589943e-05,0.000580698788264833
"GSE135030","MEC1","Flud_50uM",3,3,1.09191108811378,0.000400112100949018,0.00259272641414964
"GSE115328","GSE115328","CC122",12,6,1.10957107161921,0.0579169923762853,0.131237608086553
"GSE240439","HL-60","Decitabine",3,3,1.1994040193783,0.187620148912358,0.276313310216382
"GSE231960","RPMI-8402","Doxycycline",3,3,1.33508535698744,0.146398564745066,0.235542455450255
"GSE231959","T-ALL","Doxycycline",3,3,1.65899601740371,0.0370408428041264,0.0909184323374012
"GSE215385","NALM-6","Dexamethasone",6,3,1.67253348906414,0.000863111660459594,0.00466080296648181
"GSE219230","HL-60","CM-1758",3,3,1.97901632358777,0.000100181277991985,0.000963490815427896
"GSE219230","ML-2","CM-1758",3,2,2.18450611448228,0.23184794404921,0.329468131017299
"GSE215385","NALM-6","Dexamethasone, Idelalisib",6,3,2.39048439382379,2.12193955282742e-05,0.000286461839631702
