"GSM","SampleTitle","Score","GSE","Platform","TreatmentRaw","CellLine","Genotype","IsControl","Agent","AgentConfidence","Log2Applied","ScoreZ"
"GSM3498361","AZA001",4.8320851041239,"GSE123207","GPL570","vehicle","AML-193",NA,TRUE,"control","control",FALSE,-0.526998282436287
"GSM3498362","AZA002",4.8016187690518,"GSE123207","GPL570","vehicle","AML-193",NA,TRUE,"control","control",FALSE,-0.552201119381518
"GSM3498363","AZA003",4.4911433412535,"GSE123207","GPL570","0.5uM AZA","AML-193",NA,FALSE,"AZA","high",FALSE,-0.809037445896782
"GSM3498364","AZA004",4.5250950713501,"GSE123207","GPL570","0.5uM AZA","AML-193",NA,FALSE,"AZA","high",FALSE,-0.780951366110418
"GSM3498365","AZA005",7.237920442679,"GSE123207","GPL570","vehicle","HNT-34",NA,TRUE,"control","control",FALSE,1.46319435514829
"GSM3498366","AZA006",7.279015620487,"GSE123207","GPL570","vehicle","HNT-34",NA,TRUE,"control","control",FALSE,1.49718974918171
"GSM3498367","AZA007",6.928818257038,"GSE123207","GPL570","0.5uM AZA","HNT-34",NA,FALSE,"AZA","high",FALSE,1.2074940234317
"GSM3498368","AZA008",6.920526792384,"GSE123207","GPL570","0.5uM AZA","HNT-34",NA,FALSE,"AZA","high",FALSE,1.20063502870138
"GSM3498369","AZA009",5.989397974108,"GSE123207","GPL570","vehicle","KG1a",NA,TRUE,"control","control",FALSE,0.430372122891425
"GSM3498370","AZA010",5.962212888278,"GSE123207","GPL570","vehicle","KG1a",NA,TRUE,"control","control",FALSE,0.407883652128724
"GSM3498371","AZA011",6.053766399505,"GSE123207","GPL570","0.5uM AZA","KG1a",NA,FALSE,"AZA","high",FALSE,0.483619975836739
"GSM3498372","AZA012",6.04115673405,"GSE123207","GPL570","0.5uM AZA","KG1a",NA,FALSE,"AZA","high",FALSE,0.473188811679836
"GSM3498373","AZA013",4.0519814038358,"GSE123207","GPL570","vehicle","HL60",NA,TRUE,"control","control",FALSE,-1.17232783429094
"GSM3498374","AZA014",4.0838137000646,"GSE123207","GPL570","vehicle","HL60",NA,TRUE,"control","control",FALSE,-1.14599502564993
"GSM3498375","AZA015",4.2209883068938,"GSE123207","GPL570","0.5uM AZA","HL60",NA,FALSE,"AZA","high",FALSE,-1.03251930759061
"GSM3498376","AZA016",4.0867725766039,"GSE123207","GPL570","0.5uM AZA","HL60",NA,FALSE,"AZA","high",FALSE,-1.14354733764333
"GSM3664953","pedAML 1 blast (K16/2183)",3.9832205913274,"GSE128103","GPL18641",NA,"blast",NA,FALSE,NA,"none",FALSE,-1.19569094877073
"GSM3664954","pedAML 2 blast (K16/2224)",5.90976100339,"GSE128103","GPL18641",NA,"blast",NA,FALSE,NA,"none",FALSE,0.871419389049968
"GSM3664955","pedAML 3 blast (K16/2216)",4.754996667376,"GSE128103","GPL18641",NA,"blast",NA,FALSE,NA,"none",FALSE,-0.367602269553906
"GSM3664956","CB 1 HSC (K16/2886)",6.238886328541,"GSE128103","GPL18641",NA,"HSC",NA,FALSE,NA,"none",FALSE,1.22455932725134
"GSM3664957","CB 2 blast (K16/2899)",6.207741511287,"GSE128103","GPL18641",NA,"blast",NA,FALSE,NA,"none",FALSE,1.19114202994879
"GSM3664958","pedAML 2 lymphocytes (K16/2935)",4.4559645593379,"GSE128103","GPL18641",NA,"lymphocytes",NA,FALSE,NA,"none",FALSE,-0.688453240546042
"GSM3664959","pedAML 3 lymphocytes (K16/2923)",4.1476288779864,"GSE128103","GPL18641",NA,"lymphocytes",NA,FALSE,NA,"none",FALSE,-1.01928661961765
"GSM3664960","pedAML 1 LSC (K16/2933)",4.262747916611,"GSE128103","GPL18641",NA,"LSC",NA,FALSE,NA,"none",FALSE,-0.895767926040843
"GSM3664961","pedAML 4 LSC (K16/2930)",4.792048629573,"GSE128103","GPL18641",NA,"LSC",NA,FALSE,NA,"none",FALSE,-0.327846812770126
"GSM3664962","CB 1 HSC (K16/2883)",6.328127980774,"GSE128103","GPL18641",NA,"HSC",NA,FALSE,NA,"none",FALSE,1.32031249222001
"GSM3664963","pedAML 1 lymphocytes (K16/2932)",3.8747329721138,"GSE128103","GPL18641",NA,"lymphocytes",NA,FALSE,NA,"none",FALSE,-1.31209436174762
"GSM3664964","pedAML 4 blast (K16/2928)",4.753924544674,"GSE128103","GPL18641",NA,"blast",NA,FALSE,NA,"none",FALSE,-0.368752619635762
"GSM3664965","pedAML 3 LSC (K16/2924)",4.5321253717672,"GSE128103","GPL18641",NA,"LSC",NA,FALSE,NA,"none",FALSE,-0.606735358209549
"GSM3664966","CB 2 blast (K16/2902)",6.130429702632,"GSE128103","GPL18641",NA,"blast",NA,FALSE,NA,"none",FALSE,1.10818916900399
"GSM3664967","CB 3 blast (K16/2884)",6.091675948777,"GSE128103","GPL18641",NA,"blast",NA,FALSE,NA,"none",FALSE,1.06660774941816
"GSM3964058","M4-03, GDM1.0uM.DMSO.d4.n1.n1",5.656014992904,"GSE134716","GPL570",NA,"GDM1",NA,FALSE,NA,"none",FALSE,1.56174822273528
"GSM3964059","M4-19, GDM1.0uM.DMSO.d4.n2.n2",5.634289016117,"GSE134716","GPL570",NA,"GDM1",NA,FALSE,NA,"none",FALSE,1.54026366129994
"GSM3964060","M4-04, GDM1.1uM.GSK862.d4.n1.n1",5.741464697862,"GSE134716","GPL570",NA,"GDM1",NA,FALSE,NA,"none",FALSE,1.64624842513357
"GSM3964061","M4-20, GDM1.1uM.GSK862.d4.n2.n2",5.815696770477,"GSE134716","GPL570",NA,"GDM1",NA,FALSE,NA,"none",FALSE,1.71965564360782
"GSM3964062","M4-05, MOLM13.0uM.DMSO.d4.n1.n1",3.9861913697808,"GSE134716","GPL570",NA,"MOLM13",NA,FALSE,NA,"none",FALSE,-0.0895206048481877
"GSM3964063","M4-21, MOLM13.0uM.DMSO.d4.n2.n2",3.9797109570648,"GSE134716","GPL570",NA,"MOLM13",NA,FALSE,NA,"none",FALSE,-0.0959290083224373
"GSM3964064","M4-06, MOLM13.1uM.GSK862.d4.n1.n1",3.9066045997728,"GSE134716","GPL570",NA,"MOLM13",NA,FALSE,NA,"none",FALSE,-0.168223020230515
"GSM3964065","M4-22, MOLM13.1uM.GSK862.d4.n2.n2",3.9211909021248,"GSE134716","GPL570",NA,"MOLM13",NA,FALSE,NA,"none",FALSE,-0.153798798384549
"GSM3964066","M4-01, SKM1.0uM.DMSO.d4.n1.n1",3.1329564768018,"GSE134716","GPL570",NA,"SKM1",NA,FALSE,NA,"none",FALSE,-0.933274497099113
"GSM3964067","M4-17, SKM1.0uM.DMSO.d4.n2.n2",2.9645416195278,"GSE134716","GPL570",NA,"SKM1",NA,FALSE,NA,"none",FALSE,-1.09981795717924
"GSM3964068","M4-02, SKM1.1uM.GSK862.d4.n1.n1",2.9506069975098,"GSE134716","GPL570",NA,"SKM1",NA,FALSE,NA,"none",FALSE,-1.11359774005203
"GSM3964069","M4-18, SKM1.1uM.GSK862.d4.n2.n2",2.9001233372718,"GSE134716","GPL570",NA,"SKM1",NA,FALSE,NA,"none",FALSE,-1.16352043446056
"GSM3964070","M4-07, THP1.0uM.DMSO.d4.n1.n1",2.6707817036478,"GSE134716","GPL570",NA,"THP1",NA,FALSE,NA,"none",FALSE,-1.39031366293463
"GSM3964071","M4-23, THP1.0uM.DMSO.d4.n2.n2",2.7285152260548,"GSE134716","GPL570",NA,"THP1",NA,FALSE,NA,"none",FALSE,-1.33322166559004
"GSM3964072","M4-08, THP1.1uM.GSK862.d4.n1.n1",2.6320210455378,"GSE134716","GPL570",NA,"THP1",NA,FALSE,NA,"none",FALSE,-1.42864361921705
"GSM3964073","M4-24, THP1.1uM.GSK862.d4.n2.n2",2.7340054014558,"GSE134716","GPL570",NA,"THP1",NA,FALSE,NA,"none",FALSE,-1.3277924960825
"GSM3964074","M4-15, SKNO1.0uM.DMSO.d4.n1.n1",3.6403231595088,"GSE134716","GPL570",NA,"SKNO1",NA,FALSE,NA,"none",FALSE,-0.431545586508243
"GSM3964075","M4-31, SKNO1.0uM.DMSO.d4.n2.n2",3.6629693153088,"GSE134716","GPL570",NA,"SKNO1",NA,FALSE,NA,"none",FALSE,-0.409151070932283
"GSM3964076","M4-16, SKNO1.1uM.GSK862.d4.n1.n1",3.7474459912338,"GSE134716","GPL570",NA,"SKNO1",NA,FALSE,NA,"none",FALSE,-0.325613085434199
"GSM3964077","M4-32, SKNO1.1uM.GSK862.d4.n2.n2",3.8583755194698,"GSE134716","GPL570",NA,"SKNO1",NA,FALSE,NA,"none",FALSE,-0.215916187212073
"GSM3964078","M4-11, NOMO1.0uM.DMSO.d4.n1.n1",4.9020500912038,"GSE134716","GPL570",NA,"NOMO1",NA,FALSE,NA,"none",FALSE,0.81616125053701
"GSM3964079","M4-27, NOMO1.0uM.DMSO.d4.n2.n2",4.9927693420448,"GSE134716","GPL570",NA,"NOMO1",NA,FALSE,NA,"none",FALSE,0.905872444522447
"GSM3964080","M4-12, NOMO1.1uM.GSK862.d4.n1.n1",4.8908418502738,"GSE134716","GPL570",NA,"NOMO1",NA,FALSE,NA,"none",FALSE,0.80507755367019
"GSM3964081","M4-28, NOMO1.1uM.GSK862.d4.n2.n2",4.9372069988348,"GSE134716","GPL570",NA,"NOMO1",NA,FALSE,NA,"none",FALSE,0.850927500601625
"GSM3964082","M4-09, SHI1.0uM.DMSO.d4.n1.n1",4.4059312081204,"GSE134716","GPL570",NA,"SHI1",NA,FALSE,NA,"none",FALSE,0.3255551559371
"GSM3964083","M4-25, SHI1.0uM.DMSO.d4.n2.n2",4.4392219032904,"GSE134716","GPL570",NA,"SHI1",NA,FALSE,NA,"none",FALSE,0.358475930575554
"GSM3964084","M4-10, SHI1.1uM.GSK862.d4.n1.n1",4.6247916489254,"GSE134716","GPL570",NA,"SHI1",NA,FALSE,NA,"none",FALSE,0.541983656820639
"GSM3964085","M4-26, SHI1.1uM.GSK862.d4.n2.n2",4.691458774894,"GSE134716","GPL570",NA,"SHI1",NA,FALSE,NA,"none",FALSE,0.607909989046452
"GSM3965439","MV411.0µM.DMSO.d4.n1",3.612780707065,"GSE134742","GPL570","DMSO","MV411",NA,TRUE,"control","control",FALSE,-0.145589776022642
"GSM3965440","MV411.0µM.DMSO.d4.n2",3.672180964072,"GSE134742","GPL570","DMSO","MV411",NA,TRUE,"control","control",FALSE,-0.0599028252326026
"GSM3965441","MV411.0.4µM.DAC.d4.n1",3.641189541079,"GSE134742","GPL570","DAC","MV411",NA,FALSE,"DAC","high",FALSE,-0.104609038146825
"GSM3965442","MV411.0.4µM.DAC.d4.n2",3.593903665963,"GSE134742","GPL570","DAC","MV411",NA,FALSE,"DAC","high",FALSE,-0.172820568841905
"GSM3965443","MV411.1.0µM.GSK3484862.d4.n1",3.647781796753,"GSE134742","GPL570","GSK3484862","MV411",NA,FALSE,"GSK3484862","high",FALSE,-0.0950994784917751
"GSM3965444","MV411.1.0µM.GSK3484862.d4.n2",3.62722069723,"GSE134742","GPL570","GSK3484862","MV411",NA,FALSE,"GSK3484862","high",FALSE,-0.1247595845551
"GSM3965445","MV411.10µM.GSK3510477.d4.n1",3.567973571134,"GSE134742","GPL570","GSK3510477","MV411",NA,FALSE,"GSK3510477","high",FALSE,-0.210225638643737
"GSM3965446","MV411.10µM.GSK3510477.d4.n2",3.55538301286,"GSE134742","GPL570","GSK3510477","MV411",NA,FALSE,"GSK3510477","high",FALSE,-0.228387959845752
"GSM3965447","THP1.0µM.DMSO.d4.n1",2.791828699837,"GSE134742","GPL570","DMSO","THP1",NA,TRUE,"control","control",FALSE,-1.32984179425953
"GSM3965448","THP1.0µM.DMSO.d4.n2",2.91410101357,"GSE134742","GPL570","DMSO","THP1",NA,TRUE,"control","control",FALSE,-1.15345970001052
"GSM3965449","THP1.1.0µM.GSK3484862.d4.n1",2.8821071312152,"GSE134742","GPL570","GSK3484862","THP1",NA,FALSE,"GSK3484862","high",FALSE,-1.19961199565791
"GSM3965450","THP1.1.0µM.GSK3484862.d4.n2",2.917392757747,"GSE134742","GPL570","GSK3484862","THP1",NA,FALSE,"GSK3484862","high",FALSE,-1.14871124376605
"GSM3965451","NOMO1.0µM.DMSO.d4.n1",4.808972302911,"GSE134742","GPL570","DMSO","NOMO1",NA,TRUE,"control","control",FALSE,1.57995848880449
"GSM3965452","NOMO1.0µM.DMSO.d4.n2",4.821036578634,"GSE134742","GPL570","DMSO","NOMO1",NA,TRUE,"control","control",FALSE,1.59736162899751
"GSM3965453","NOMO1.1.0µM.GSK3484862.d4.n1",4.687243511001,"GSE134742","GPL570","GSK3484862","NOMO1",NA,FALSE,"GSK3484862","high",FALSE,1.40436044381802
"GSM3965454","NOMO1.1.0µM.GSK3484862.d4.n2",4.678216761699,"GSE134742","GPL570","GSK3484862","NOMO1",NA,FALSE,"GSK3484862","high",FALSE,1.39133904185433
"GSM4292642","MV4-11 control, replicate 1",2.9501660738662,"GSE144638","GPL23159","8 days vehicle (DMSO 0.01%)","MV4-11","MLL rearranged",TRUE,"control","control",FALSE,0.300090391766724
"GSM4292643","MV4-11 treated, replicate 1",2.781434683432,"GSE144638","GPL23159","8 days Pinometostat (1 uM)","MV4-11","MLL rearranged",FALSE,"Pinometostat","high",FALSE,-0.207704773216648
"GSM4292644","MV4-11 control, replicate 2",2.927905735436,"GSE144638","GPL23159","8 days vehicle (DMSO 0.01%)","MV4-11","MLL rearranged",TRUE,"control","control",FALSE,0.233098161117401
"GSM4292645","MV4-11 treated, replicate 2",2.7736848001005,"GSE144638","GPL23159","8 days Pinometostat (1 uM)","MV4-11","MLL rearranged",FALSE,"Pinometostat","high",FALSE,-0.231027957330723
"GSM4292646","MOLM-13 control, replicate 1",3.223408341285,"GSE144638","GPL23159","8 days vehicle (DMSO 0.01%)","MOLM-13","MLL rearranged",TRUE,"control","control",FALSE,1.12240983041598
"GSM4292647","MOLM-13 treated, replicate 1",3.0724562623133,"GSE144638","GPL23159","8 days Pinometostat (1 uM)","MOLM-13","MLL rearranged",FALSE,"Pinometostat","high",FALSE,0.66812129732937
"GSM4292648","MOLM-13 control, replicate 2",3.2979344568368,"GSE144638","GPL23159","8 days vehicle (DMSO 0.01%)","MOLM-13","MLL rearranged",TRUE,"control","control",FALSE,1.34669531188337
"GSM4292649","MOLM-13 treated, replicate 2",3.1561677809128,"GSE144638","GPL23159","8 days Pinometostat (1 uM)","MOLM-13","MLL rearranged",FALSE,"Pinometostat","high",FALSE,0.920050142868153
"GSM4292650","NOMO-1 control, replicate 1",3.6414061136018,"GSE144638","GPL23159","8 days vehicle (DMSO 0.01%)","NOMO-1","MLL rearranged",TRUE,"control","control",FALSE,2.38036928425611
"GSM4292651","NOMO-1 treated, replicate 1",2.4208220994067,"GSE144638","GPL23159","8 days Pinometostat (1 uM)","NOMO-1","MLL rearranged",FALSE,"Pinometostat","high",FALSE,-1.29296416762446
"GSM4292652","NOMO-1 control, replicate 2",3.3650603741625,"GSE144638","GPL23159","8 days vehicle (DMSO 0.01%)","NOMO-1","MLL rearranged",TRUE,"control","control",FALSE,1.54870998251075
"GSM4292653","NOMO-1 treated, replicate 2",2.2333110963855,"GSE144638","GPL23159","8 days Pinometostat (1 uM)","NOMO-1","MLL rearranged",FALSE,"Pinometostat","high",FALSE,-1.85727635915161
"GSM4292654","THP-1 control, replicate 1",3.1597804522551,"GSE144638","GPL23159","8 days vehicle (DMSO 0.01%)","THP-1","MLL rearranged",TRUE,"control","control",FALSE,0.930922435424821
"GSM4292655","THP-1 treated, replicate 1",2.290651455542,"GSE144638","GPL23159","8 days Pinometostat (1 uM)","THP-1","MLL rearranged",FALSE,"Pinometostat","high",FALSE,-1.68471121248179
"GSM4292656","THP-1 control, replicate 2",3.0045404078974,"GSE144638","GPL23159","8 days vehicle (DMSO 0.01%)","THP-1","MLL rearranged",TRUE,"control","control",FALSE,0.463729320179406
"GSM4292657","THP-1 treated, replicate 2",2.3533626581875,"GSE144638","GPL23159","8 days Pinometostat (1 uM)","THP-1","MLL rearranged",FALSE,"Pinometostat","high",FALSE,-1.49598257454589
"GSM4292658","OCI-AML3 control, replicate 1",2.731290082328,"GSE144638","GPL23159","8 days vehicle (DMSO 0.01%)","OCI-AML3","MLL wild type",TRUE,"control","control",FALSE,-0.358614369380741
"GSM4292659","OCI-AML3 treated, replicate 1",2.5817818940988,"GSE144638","GPL23159","8 days Pinometostat (1 uM)","OCI-AML3","MLL wild type",FALSE,"Pinometostat","high",FALSE,-0.808557530003352
"GSM4292660","OCI-AML3 control, replicate 2",2.69795990026,"GSE144638","GPL23159","8 days vehicle (DMSO 0.01%)","OCI-AML3","MLL wild type",TRUE,"control","control",FALSE,-0.458921166228634
"GSM4292661","OCI-AML3 treated, replicate 2",2.5412975594672,"GSE144638","GPL23159","8 days Pinometostat (1 uM)","OCI-AML3","MLL wild type",FALSE,"Pinometostat","high",FALSE,-0.930394666120074
"GSM4292662","U-937 control, replicate 1",2.8527337931422,"GSE144638","GPL23159","8 days vehicle (DMSO 0.01%)","U-937","MLL wild type",TRUE,"control","control",FALSE,0.00686907155100775
"GSM4292663","U-937 treated, replicate 1",2.8342368535072,"GSE144638","GPL23159","8 days Pinometostat (1 uM)","U-937","MLL wild type",FALSE,"Pinometostat","high",FALSE,-0.048797254018124
"GSM4292664","U-937 control, replicate 2",3.0163064367975,"GSE144638","GPL23159","8 days vehicle (DMSO 0.01%)","U-937","MLL wild type",TRUE,"control","control",FALSE,0.499139047860488
"GSM4292665","U-937 treated, replicate 2",3.0214014654318,"GSE144638","GPL23159","8 days Pinometostat (1 uM)","U-937","MLL wild type",FALSE,"Pinometostat","high",FALSE,0.514472477516295
"GSM4292666","HL-60 control, replicate 1",2.7224292738278,"GSE144638","GPL23159","8 days vehicle (DMSO 0.01%)","HL-60","MLL wild type",TRUE,"control","control",FALSE,-0.385280869921432
"GSM4292667","HL-60 treated, replicate 1",2.7497221778175,"GSE144638","GPL23159","8 days Pinometostat (1 uM)","HL-60","MLL wild type",FALSE,"Pinometostat","high",FALSE,-0.30314319151636
"GSM4292668","HL-60 control, replicate 2",2.6509545840454,"GSE144638","GPL23159","8 days vehicle (DMSO 0.01%)","HL-60","MLL wild type",TRUE,"control","control",FALSE,-0.600383120882512
"GSM4292669","HL-60 treated, replicate 2",2.7604301935334,"GSE144638","GPL23159","8 days Pinometostat (1 uM)","HL-60","MLL wild type",FALSE,"Pinometostat","high",FALSE,-0.270917542257454
"GSM4709291","wild-type cells 50 nM LSD1 inhibitor treated - rep1",4.20246828640426,"GSE155640","GPL23159","LSD1 inhibitor OG86","THP1 wild-type cells",NA,FALSE,"LSD1 OG86","high",TRUE,0.839080913729852
"GSM4709292","wild-type cells 100 nM LSD1 inhibitor treated - rep1",4.21572270976429,"GSE155640","GPL23159","LSD1 inhibitor OG86","THP1 wild-type cells",NA,FALSE,"LSD1 OG86","high",TRUE,1.14009627348478
"GSM4709293","wild-type cells 50 nM NTR prodrug treated - rep1",4.20527454944196,"GSE155640","GPL23159","NTR prodrug of LSD1 inhibitor","THP1 wild-type cells",NA,FALSE,"NTR LSD1","high",TRUE,0.902812715175587
"GSM4709294","wild-type cells 100 nM NTR prodrug treated - rep1",4.17784749542177,"GSE155640","GPL23159","NTR prodrug of LSD1 inhibitor","THP1 wild-type cells",NA,FALSE,"NTR LSD1","high",TRUE,0.279928994877255
"GSM4709295","wild-type cells 100 nM negativ control of LSD1 inhibitor treated - rep1",4.15502545307869,"GSE155640","GPL23159","a negative control (structurally related to OG86, but inactive on LSD1)","THP1 wild-type cells",NA,TRUE,"control","control",TRUE,-0.238372337413158
"GSM4709296","wild-type cells 100 nM negativ control of NTR prodrug treated - rep1",4.11906373103408,"GSE155640","GPL23159","a NTR prodrug of negative control (structurally related to OG86, but inactive on LSD1)","THP1 wild-type cells",NA,TRUE,"control","control",TRUE,-1.05508313686674
"GSM4709297","wild-type cells vehicle treated - rep1",4.17154669089063,"GSE155640","GPL23159","vehicle DMSO","THP1 wild-type cells",NA,TRUE,"control","control",TRUE,0.136834203714342
"GSM4709298","NTR-expressing cells 50 nM LSD1 inhibitor treated - rep1",4.21524925416694,"GSE155640","GPL23159","LSD1 inhibitor OG86","NfsB-positive THP1 cells",NA,FALSE,"LSD1 OG86","high",TRUE,1.12934383234934
"GSM4709299","NTR-expressing cells 100 nM LSD1 inhibitor treated - rep1",4.23151093118641,"GSE155640","GPL23159","LSD1 inhibitor OG86","NfsB-positive THP1 cells",NA,FALSE,"LSD1 OG86","high",TRUE,1.49865560286319
"GSM4709300","NTR-expressing cells 50 nM NTR prodrug treated - rep1",4.25519219216935,"GSE155640","GPL23159","NTR prodrug of LSD1 inhibitor","NfsB-positive THP1 cells",NA,FALSE,"NTR LSD1","high",TRUE,2.03647027051039
"GSM4709301","NTR-expressing cells 100 nM NTR prodrug treated - rep1",4.24241979662815,"GSE155640","GPL23159","NTR prodrug of LSD1 inhibitor","NfsB-positive THP1 cells",NA,FALSE,"NTR LSD1","high",TRUE,1.74640203183014
"GSM4709302","NTR-expressing cells 100 nM negativ control of LSD1 inhibitor treated - rep1",4.20767469105124,"GSE155640","GPL23159","a negative control (structurally related to OG86, but inactive on LSD1)","NfsB-positive THP1 cells",NA,TRUE,"control","control",TRUE,0.957321272081928
"GSM4709303","NTR-expressing cells 100 nM negativ control of NTR prodrug treated - rep1",4.21072605050813,"GSE155640","GPL23159","a NTR prodrug of negative control (structurally related to OG86, but inactive on LSD1)","NfsB-positive THP1 cells",NA,TRUE,"control","control",TRUE,1.02661935014305
"GSM4709304","NTR-expressing cells vehicle treated - rep1",4.20079445451002,"GSE155640","GPL23159","vehicle DMSO","NfsB-positive THP1 cells",NA,TRUE,"control","control",TRUE,0.801067256241567
"GSM4709305","wild-type cells 50 nM LSD1 inhibitor treated - rep2",4.12739755379406,"GSE155640","GPL23159","LSD1 inhibitor OG86","THP1 wild-type cells",NA,FALSE,"LSD1 OG86","high",TRUE,-0.865817365879292
"GSM4709306","wild-type cells 100 nM LSD1 inhibitor treated - rep2",4.11731927166051,"GSE155640","GPL23159","LSD1 inhibitor OG86","THP1 wild-type cells",NA,FALSE,"LSD1 OG86","high",TRUE,-1.09470078387039
"GSM4709307","wild-type cells 50 nM NTR prodrug treated - rep2",4.11749194797769,"GSE155640","GPL23159","NTR prodrug of LSD1 inhibitor","THP1 wild-type cells",NA,FALSE,"NTR LSD1","high",TRUE,-1.09077920823286
"GSM4709308","wild-type cells 100 nM NTR prodrug treated - rep2",4.14244692584223,"GSE155640","GPL23159","NTR prodrug of LSD1 inhibitor","THP1 wild-type cells",NA,FALSE,"NTR LSD1","high",TRUE,-0.524037718578702
"GSM4709309","wild-type cells 100 nM negativ control of LSD1 inhibitor treated - rep2",4.18473138502735,"GSE155640","GPL23159","a negative control (structurally related to OG86, but inactive on LSD1)","THP1 wild-type cells",NA,TRUE,"control","control",TRUE,0.436265973850328
"GSM4709310","wild-type cells 100 nM negativ control of NTR prodrug treated - rep2",4.1453267938599,"GSE155640","GPL23159","a NTR prodrug of negative control (structurally related to OG86, but inactive on LSD1)","THP1 wild-type cells",NA,TRUE,"control","control",TRUE,-0.458634306914458
"GSM4709311","wild-type cells vehicle treated - rep2",4.1405935305456,"GSE155640","GPL23159","vehicle DMSO","THP1 wild-type cells",NA,TRUE,"control","control",TRUE,-0.566129361257464
"GSM4709312","NTR-expressing cells 50 nM LSD1 inhibitor treated - rep2",4.18466530738028,"GSE155640","GPL23159","LSD1 inhibitor OG86","NfsB-positive THP1 cells",NA,FALSE,"LSD1 OG86","high",TRUE,0.434765313567704
"GSM4709313","NTR-expressing cells 100 nM LSD1 inhibitor treated - rep2",4.15909044382041,"GSE155640","GPL23159","LSD1 inhibitor OG86","NfsB-positive THP1 cells",NA,FALSE,"LSD1 OG86","high",TRUE,-0.146054126557685
"GSM4709314","NTR-expressing cells 50 nM NTR prodrug treated - rep2",4.21972656514601,"GSE155640","GPL23159","NTR prodrug of LSD1 inhibitor","NfsB-positive THP1 cells",NA,FALSE,"NTR LSD1","high",TRUE,1.23102606615839
"GSM4709315","NTR-expressing cells 100 nM NTR prodrug treated - rep2",4.11592446843911,"GSE155640","GPL23159","NTR prodrug of LSD1 inhibitor","NfsB-positive THP1 cells",NA,FALSE,"NTR LSD1","high",TRUE,-1.12637754430513
"GSM4709316","NTR-expressing cells 100 nM negativ control of LSD1 inhibitor treated - rep2",4.2090155443529,"GSE155640","GPL23159","a negative control (structurally related to OG86, but inactive on LSD1)","NfsB-positive THP1 cells",NA,TRUE,"control","control",TRUE,0.98777279969755
"GSM4709317","NTR-expressing cells 100 nM negativ control of NTR prodrug treated - rep2",4.21472027240098,"GSE155640","GPL23159","a NTR prodrug of negative control (structurally related to OG86, but inactive on LSD1)","NfsB-positive THP1 cells",NA,TRUE,"control","control",TRUE,1.11733036090204
"GSM4709318","NTR-expressing cells vehicle treated - rep2",4.17952907597639,"GSE155640","GPL23159","vehicle DMSO","NfsB-positive THP1 cells",NA,TRUE,"control","control",TRUE,0.318118628771886
"GSM4709319","wild-type cells 50 nM LSD1 inhibitor treated - rep3",4.12364229022742,"GSE155640","GPL23159","LSD1 inhibitor OG86","THP1 wild-type cells",NA,FALSE,"LSD1 OG86","high",TRUE,-0.951101499544176
"GSM4709320","wild-type cells 100 nM LSD1 inhibitor treated - rep3",4.18095177557308,"GSE155640","GPL23159","LSD1 inhibitor OG86","THP1 wild-type cells",NA,FALSE,"LSD1 OG86","high",TRUE,0.350428931475287
"GSM4709321","wild-type cells 50 nM NTR prodrug treated - rep3",4.12127213726031,"GSE155640","GPL23159","NTR prodrug of LSD1 inhibitor","THP1 wild-type cells",NA,FALSE,"NTR LSD1","high",TRUE,-1.00492899763221
"GSM4709322","wild-type cells 100 nM NTR prodrug treated - rep3",4.1296203202954,"GSE155640","GPL23159","NTR prodrug of LSD1 inhibitor","THP1 wild-type cells",NA,FALSE,"NTR LSD1","high",TRUE,-0.815337096773897
"GSM4709323","wild-type cells 100 nM negativ control of LSD1 inhibitor treated - rep3",4.08718895183992,"GSE155640","GPL23159","a negative control (structurally related to OG86, but inactive on LSD1)","THP1 wild-type cells",NA,TRUE,"control","control",TRUE,-1.77897718081088
"GSM4709324","wild-type cells 100 nM negativ control of NTR prodrug treated - rep3",4.15698324325716,"GSE155640","GPL23159","a NTR prodrug of negative control (structurally related to OG86, but inactive on LSD1)","THP1 wild-type cells",NA,TRUE,"control","control",TRUE,-0.193909828642503
"GSM4709325","wild-type cells vehicle treated - rep3",4.09221663582399,"GSE155640","GPL23159","vehicle DMSO","THP1 wild-type cells",NA,TRUE,"control","control",TRUE,-1.66479566856484
"GSM4709326","NTR-expressing cells 50 nM LSD1 inhibitor treated - rep3",4.11909166981646,"GSE155640","GPL23159","LSD1 inhibitor OG86","NfsB-positive THP1 cells",NA,FALSE,"LSD1 OG86","high",TRUE,-1.05444863150945
"GSM4709327","NTR-expressing cells 100 nM LSD1 inhibitor treated - rep3",4.11463498865065,"GSE155640","GPL23159","LSD1 inhibitor OG86","NfsB-positive THP1 cells",NA,FALSE,"LSD1 OG86","high",TRUE,-1.15566235073361
"GSM4709328","NTR-expressing cells 50 nM NTR prodrug treated - rep3",4.14072641349554,"GSE155640","GPL23159","NTR prodrug of LSD1 inhibitor","NfsB-positive THP1 cells",NA,FALSE,"NTR LSD1","high",TRUE,-0.563111515222547
"GSM4709329","NTR-expressing cells 100 nM NTR prodrug treated - rep3",4.1153346714628,"GSE155640","GPL23159","NTR prodrug of LSD1 inhibitor","NfsB-positive THP1 cells",NA,FALSE,"NTR LSD1","high",TRUE,-1.13977216315671
"GSM4709330","NTR-expressing cells 100 nM negativ control of LSD1 inhibitor treated - rep3",4.18089984627885,"GSE155640","GPL23159","a negative control (structurally related to OG86, but inactive on LSD1)","NfsB-positive THP1 cells",NA,TRUE,"control","control",TRUE,0.349249588190356
"GSM4709331","NTR-expressing cells 100 nM negativ control of NTR prodrug treated - rep3",4.19511627917173,"GSE155640","GPL23159","a NTR prodrug of negative control (structurally related to OG86, but inactive on LSD1)","NfsB-positive THP1 cells",NA,TRUE,"control","control",TRUE,0.672112721911251
"GSM4709332","NTR-expressing cells vehicle treated - rep3",4.12573071178989,"GSE155640","GPL23159","vehicle DMSO","NfsB-positive THP1 cells",NA,TRUE,"control","control",TRUE,-0.903672279058928
